CustomerID,Name,Age,City,Email
1,Rahul,19,Delhi,customer1@example.com
2,Sneha,33,Bangalore,customer2@example.com
3,Kavya,24,Delhi,customer3@example.com
4,Rohit,23,Pune,customer4@example.com
5,Likitha,20,Hyderabad,customer5@example.com
6,Rahul,31,Bangalore,customer6@example.com
7,Rohit,56,Hyderabad,customer7@example.com
8,Rohit,30,Delhi,customer8@example.com
9,Rohit,44,Bangalore,customer9@example.com
10,Priya,55,Chennai,customer10@example.com
11,Praneetha,28,,customer11@example.com
12,Likitha,39,Chennai,customer12@example.com
13,Kavya,31,Vijayawada,customer13@example.com
14,Hemanth,24,Hyderabad,customer14@example.com
15,Likitha,24,Chennai,customer15@example.com
16,Hemanth,56,Chennai,customer16@example.com
17,Praneetha,47,Pune,customer17@example.com
18,Rahul,42,Hyderabad,customer18@example.com
19,Rohit,36,Vijayawada,customer19@example.com
20,Ananya,41,Pune,customer20@example.com
21,Arjun,22,Hyderabad,customer21@example.com
22,Arjun,36,Hyderabad,customer22@example.com
23,Arjun,24,Mumbai,customer23@example.com
24,Sneha,47,Delhi,customer24@example.com
25,Hemanth,28,Chennai,customer25@example.com
26,,31,Delhi,customer26@example.com
27,Sneha,59,Hyderabad,customer27@example.com
28,Ananya,58,Bangalore,customer28@example.com
29,Rohit,33,Bangalore,customer29@example.com
30,Priya,42,Chennai,customer30@example.com
31,Rohit,32,Delhi,customer31@example.com
32,Hemanth,21,Bangalore,customer32@example.com
33,Praneetha,38,Mumbai,customer33@example.com
34,Sneha,22,Bangalore,customer34@example.com
35,Ananya,38,Bangalore,customer35@example.com
36,Priya,43,Delhi,customer36@example.com
37,Priya,27,Chennai,customer37@example.com
38,Kavya,33,Delhi,customer38@example.com
39,Rohit,52,Chennai,customer39@example.com
40,Ananya,45,Pune,customer40@example.com
41,  Praneetha  ,41,Bangalore,customer41@example.com
42,Kavya,50,Mumbai,customer42@example.com
43,Rahul,21,Vijayawada,customer43@example.com
44,Rahul,27,Delhi,customer44@example.com
45,Kavya,45,Pune,customer45@example.com
46,Rahul,42,Mumbai,customer46@example.com
47,Ananya,47,Pune,customer47@example.com
48,Sneha,53,Vijayawada,customer48@example.com
49,Praneetha,25,Delhi,customer49@example.com
50,Rohit,35,Vijayawada,customer50@example.com
51,Hemanth,25,Chennai,customer51@example.com
52,Likitha,28,Mumbai,customer52@example.com
53,Praneetha,34,Pune,customer53@example.com
54,Kavya,50,Hyderabad,customer54@example.com
55,Sneha,58,Pune,customer55@example.com
56,Ananya,30,Bangalore,customer56@example.com
57,Hemanth,28,Pune,customer57@example.com
58,Rohit,18,Pune,customer58@example.com
59,Hemanth,49,Hyderabad,customer59@example.com
60,Rahul,41,Vijayawada,customer60@example.com
61,Sneha,33,Hyderabad,customer61@example.com
62,Arjun,54,Hyderabad,customer62@example.com
63,Rahul,49,Vijayawada,customer63@example.com
64,Rahul,52,Vijayawada,customer64@example.com
65,Kavya,26,Delhi,customer65@example.com
66,Priya,53,Bangalore,customer66@example.com
67,Sneha,51,Vijayawada,customer67@example.com
68,Ananya,45,Bangalore,customer68@example.com
69,Rohit,30,Delhi,customer69@example.com
70,Sneha,43,Delhi,customer70@example.com
71,Hemanth,46,Pune,customer71@example.com
72,Priya,25,Bangalore,customer72@example.com
73,Arjun,22,Chennai,customer73@example.com
74,Praneetha,55,Pune,customer74@example.com
75,Arjun,55,Bangalore,customer75@example.com
76,Praneetha,22,Delhi,customer76@example.com
77,Praneetha,32,Hyderabad,customer77@example.com
78,Praneetha,39,Hyderabad,customer78@example.com
79,Rohit,33,Chennai,customer79@example.com
80,Priya,31,Pune,customer80@example.com
81,Kavya,54,Pune,customer81@example.com
82,Priya,33,Vijayawada,customer82@example.com
83,Priya,44,Bangalore,customer83@example.com
84,Rahul,24,Delhi,customer84@example.com
85,Likitha,40,Mumbai,customer85@example.com
86,Likitha,47,Vijayawada,customer86@example.com
87,Praneetha,59,Delhi,customer87@example.com
88,Rahul,21,Mumbai,customer88@example.com
89,Hemanth,24,Bangalore,customer89@example.com
90,Arjun,30,Pune,customer90@example.com
91,Priya,26,Mumbai,customer91@example.com
92,Kavya,35,Mumbai,customer92@example.com
93,Arjun,22,Mumbai,customer93@example.com
94,Rohit,24,Hyderabad,customer94@example.com
95,Rohit,18,Hyderabad,customer95@example.com
96,Arjun,28,Mumbai,customer96@example.com
97,Priya,48,Bangalore,customer97@example.com
98,Likitha,21,Bangalore,customer98@example.com
99,Likitha,18,Mumbai,customer99@example.com
100,Sneha,47,Chennai,customer100@example.com
101,Likitha,53,Delhi,customer101@example.com
102,Priya,27,Bangalore,customer102@example.com
103,Sneha,31,Hyderabad,customer103@example.com
104,Ananya,52,Hyderabad,customer104@example.com
105,Hemanth,21,Hyderabad,customer105@example.com
106,Ananya,48,Pune,customer106@example.com
107,Rohit,28,Hyderabad,customer107@example.com
108,Rohit,23,Vijayawada,customer108@example.com
109,Kavya,22,Pune,customer109@example.com
110,Rahul,33,Mumbai,customer110@example.com
111,Rahul,54,Bangalore,customer111@example.com
112,Ananya,56,Hyderabad,customer112@example.com
113,Ananya,23,Mumbai,customer113@example.com
114,Ananya,54,Pune,customer114@example.com
115,Hemanth,34,Bangalore,customer115@example.com
116,Hemanth,33,Chennai,customer116@example.com
117,Likitha,26,Delhi,customer117@example.com
118,Sneha,47,Chennai,customer118@example.com
119,Rahul,18,Mumbai,customer119@example.com
120,Ananya,54,Hyderabad,customer120@example.com
121,Rahul,52,Bangalore,customer121@example.com
122,Rohit,34,Bangalore,customer122@example.com
123,Hemanth,22,Bangalore,customer123@example.com
124,Hemanth,36,Bangalore,customer124@example.com
125,Priya,52,Delhi,customer125@example.com
126,Sneha,57,Vijayawada,customer126@example.com
127,Rohit,18,Delhi,customer127@example.com
128,Rohit,37,Delhi,customer128@example.com
129,Rahul,26,Chennai,customer129@example.com
130,Rahul,24,Delhi,customer130@example.com
131,Rohit,27,Chennai,customer131@example.com
132,Sneha,56,Bangalore,customer132@example.com
133,Hemanth,31,Delhi,customer133@example.com
134,Sneha,50,Mumbai,customer134@example.com
135,Sneha,21,Hyderabad,customer135@example.com
136,Likitha,35,Hyderabad,customer136@example.com
137,Praneetha,39,Vijayawada,customer137@example.com
138,Kavya,58,Chennai,customer138@example.com
139,Kavya,46,Pune,customer139@example.com
140,Likitha,53,Hyderabad,customer140@example.com
141,Rahul,22,Delhi,customer141@example.com
142,Kavya,52,Hyderabad,customer142@example.com
143,Hemanth,55,Pune,customer143@example.com
144,Kavya,45,Bangalore,customer144@example.com
145,Praneetha,37,Chennai,customer145@example.com
146,Praneetha,40,Bangalore,customer146@example.com
147,Arjun,60,Hyderabad,customer147@example.com
148,Hemanth,53,Vijayawada,customer148@example.com
149,Likitha,57,Delhi,customer149@example.com
150,Kavya,33,Vijayawada,customer150@example.com
151,Kavya,29,Mumbai,customer151@example.com
152,Praneetha,29,Delhi,customer152@example.com
153,Hemanth,44,Vijayawada,customer153@example.com
154,Arjun,35,Bangalore,customer154@example.com
155,Rahul,42,Vijayawada,customer155@example.com
156,Praneetha,48,Bangalore,customer156@example.com
157,Arjun,47,Chennai,customer157@example.com
158,Sneha,32,Bangalore,customer158@example.com
159,Praneetha,60,Bangalore,customer159@example.com
160,Likitha,39,Chennai,customer160@example.com
161,Rahul,35,Chennai,customer161@example.com
162,Rohit,43,Delhi,customer162@example.com
163,Rohit,39,Hyderabad,customer163@example.com
164,Rahul,34,Bangalore,customer164@example.com
165,Ananya,34,Hyderabad,customer165@example.com
166,Rahul,56,Mumbai,customer166@example.com
167,Hemanth,38,Mumbai,customer167@example.com
168,Ananya,50,Hyderabad,customer168@example.com
169,Likitha,54,Bangalore,customer169@example.com
170,Sneha,20,Delhi,customer170@example.com
171,Likitha,18,Pune,customer171@example.com
172,Rohit,60,Bangalore,customer172@example.com
173,Hemanth,45,Hyderabad,customer173@example.com
174,Hemanth,57,Chennai,customer174@example.com
175,Rahul,37,Pune,customer175@example.com
176,Sneha,60,Mumbai,customer176@example.com
177,Hemanth,43,Delhi,customer177@example.com
178,Sneha,53,Bangalore,customer178@example.com
179,Arjun,44,Delhi,customer179@example.com
180,Likitha,29,Pune,customer180@example.com
181,Ananya,37,Mumbai,customer181@example.com
182,Rohit,18,Chennai,customer182@example.com
183,Sneha,31,Mumbai,customer183@example.com
184,Ananya,56,Delhi,customer184@example.com
185,Hemanth,47,Mumbai,customer185@example.com
186,Priya,31,Pune,customer186@example.com
187,Priya,28,Delhi,customer187@example.com
188,Rahul,36,Pune,customer188@example.com
189,Ananya,39,Hyderabad,customer189@example.com
190,Arjun,37,Bangalore,customer190@example.com
191,Arjun,27,Hyderabad,customer191@example.com
192,Praneetha,33,Mumbai,customer192@example.com
193,Ananya,22,Mumbai,customer193@example.com
194,Likitha,58,Pune,customer194@example.com
195,Arjun,42,Mumbai,customer195@example.com
196,Likitha,33,Bangalore,customer196@example.com
197,Praneetha,24,Vijayawada,customer197@example.com
198,Likitha,32,Bangalore,customer198@example.com
199,Rohit,47,Hyderabad,customer199@example.com
200,Rohit,33,Vijayawada,customer200@example.com
201,Rahul,47,Bangalore,customer201@example.com
202,Priya,60,Pune,customer202@example.com
203,Rohit,56,Chennai,customer203@example.com
204,Priya,57,Vijayawada,customer204@example.com
205,Rohit,45,Vijayawada,customer205@example.com
206,Rohit,46,Bangalore,customer206@example.com
207,Priya,46,Chennai,customer207@example.com
208,Arjun,58,Chennai,customer208@example.com
209,Rohit,49,Delhi,customer209@example.com
210,Arjun,35,Mumbai,customer210@example.com
211,Rahul,36,Bangalore,customer211@example.com
212,Sneha,39,Chennai,customer212@example.com
213,Rohit,23,Bangalore,customer213@example.com
214,Kavya,32,Mumbai,customer214@example.com
215,Kavya,31,Hyderabad,customer215@example.com
216,Likitha,44,Chennai,customer216@example.com
217,Rohit,47,Mumbai,customer217@example.com
218,Praneetha,31,Vijayawada,customer218@example.com
219,Likitha,42,Vijayawada,customer219@example.com
220,Ananya,19,Vijayawada,customer220@example.com
221,Ananya,42,Mumbai,customer221@example.com
222,Praneetha,40,Chennai,customer222@example.com
223,Likitha,44,Pune,customer223@example.com
224,Rohit,56,Bangalore,customer224@example.com
225,Priya,32,Chennai,customer225@example.com
226,Likitha,49,Hyderabad,customer226@example.com
227,Likitha,39,Delhi,customer227@example.com
228,Likitha,28,Vijayawada,customer228@example.com
229,Priya,26,Pune,customer229@example.com
230,Rohit,19,Mumbai,customer230@example.com
231,Ananya,54,Delhi,customer231@example.com
232,Praneetha,23,Delhi,customer232@example.com
233,Likitha,26,Vijayawada,customer233@example.com
234,Priya,29,Hyderabad,customer234@example.com
235,Sneha,42,Chennai,customer235@example.com
236,Arjun,47,Chennai,customer236@example.com
237,Hemanth,42,Chennai,customer237@example.com
238,Likitha,34,Vijayawada,customer238@example.com
239,Rahul,48,Hyderabad,customer239@example.com
240,Rohit,21,Chennai,customer240@example.com
241,Arjun,59,Hyderabad,customer241@example.com
242,Praneetha,19,Bangalore,customer242@example.com
243,Arjun,19,Pune,customer243@example.com
244,Kavya,33,Bangalore,customer244@example.com
245,Priya,60,Hyderabad,customer245@example.com
246,Ananya,31,Mumbai,customer246@example.com
247,Sneha,41,Bangalore,customer247@example.com
248,Ananya,56,Delhi,customer248@example.com
249,Rahul,28,Chennai,customer249@example.com
250,Rahul,55,Hyderabad,customer250@example.com
251,Sneha,54,Delhi,customer251@example.com
252,Likitha,43,Delhi,customer252@example.com
253,Arjun,22,Pune,customer253@example.com
254,Arjun,24,Delhi,customer254@example.com
255,Sneha,56,Vijayawada,customer255@example.com
256,Rahul,54,Vijayawada,customer256@example.com
257,Praneetha,40,Pune,customer257@example.com
258,Likitha,60,Chennai,customer258@example.com
259,Rahul,50,Delhi,customer259@example.com
260,Hemanth,18,Vijayawada,customer260@example.com
261,Likitha,49,Hyderabad,customer261@example.com
262,Likitha,41,Delhi,customer262@example.com
263,Priya,27,Mumbai,customer263@example.com
264,Kavya,51,Delhi,customer264@example.com
265,Sneha,57,Vijayawada,customer265@example.com
266,Rohit,48,Mumbai,customer266@example.com
267,Likitha,55,Chennai,customer267@example.com
268,Hemanth,33,Vijayawada,customer268@example.com
269,Rahul,35,Mumbai,customer269@example.com
270,Arjun,47,Pune,customer270@example.com
271,Ananya,60,Mumbai,customer271@example.com
272,Hemanth,19,Mumbai,customer272@example.com
273,Hemanth,29,Mumbai,customer273@example.com
274,Arjun,40,Vijayawada,customer274@example.com
275,Sneha,39,Chennai,customer275@example.com
276,Ananya,35,Pune,customer276@example.com
277,Praneetha,51,Bangalore,customer277@example.com
278,Rahul,33,Delhi,customer278@example.com
279,Likitha,49,Pune,customer279@example.com
280,Arjun,48,Delhi,customer280@example.com
281,Priya,46,Vijayawada,customer281@example.com
282,Praneetha,23,Chennai,customer282@example.com
283,Arjun,43,Delhi,customer283@example.com
284,Arjun,37,Delhi,customer284@example.com
285,Ananya,41,Mumbai,customer285@example.com
286,Rohit,51,Chennai,customer286@example.com
287,Likitha,53,Chennai,customer287@example.com
288,Hemanth,47,Chennai,customer288@example.com
289,Sneha,34,Bangalore,customer289@example.com
290,Rahul,30,Chennai,customer290@example.com
291,Rahul,52,Vijayawada,customer291@example.com
292,Kavya,30,Bangalore,customer292@example.com
293,Priya,35,Delhi,customer293@example.com
294,Ananya,51,Pune,customer294@example.com
295,Sneha,24,Vijayawada,customer295@example.com
296,Arjun,36,Bangalore,customer296@example.com
297,Hemanth,29,Chennai,customer297@example.com
298,Praneetha,52,Bangalore,customer298@example.com
299,Sneha,20,Hyderabad,customer299@example.com
300,Rohit,36,Delhi,customer300@example.com
301,Kavya,58,Vijayawada,customer301@example.com
302,Priya,24,Vijayawada,customer302@example.com
303,Praneetha,54,Chennai,customer303@example.com
304,Priya,48,Mumbai,customer304@example.com
305,Hemanth,29,Hyderabad,customer305@example.com
306,Sneha,48,Hyderabad,customer306@example.com
307,Rahul,43,Mumbai,customer307@example.com
308,Rahul,54,Delhi,customer308@example.com
309,Praneetha,27,Bangalore,customer309@example.com
310,Ananya,37,Hyderabad,customer310@example.com
311,Arjun,25,Pune,customer311@example.com
312,Likitha,56,Pune,customer312@example.com
313,Ananya,32,Vijayawada,customer313@example.com
314,Rohit,42,Mumbai,customer314@example.com
315,Priya,37,Vijayawada,customer315@example.com
316,Ananya,45,Chennai,customer316@example.com
317,Ananya,57,Hyderabad,customer317@example.com
318,Ananya,24,Vijayawada,customer318@example.com
319,Arjun,58,Bangalore,customer319@example.com
320,Sneha,60,Hyderabad,customer320@example.com
321,Kavya,33,Bangalore,customer321@example.com
322,Rohit,22,Bangalore,customer322@example.com
323,Praneetha,44,Mumbai,customer323@example.com
324,Ananya,48,Chennai,customer324@example.com
325,Praneetha,32,Chennai,customer325@example.com
326,Sneha,47,Hyderabad,customer326@example.com
327,Arjun,34,Vijayawada,customer327@example.com
328,Ananya,60,Vijayawada,customer328@example.com
329,Arjun,45,Hyderabad,customer329@example.com
330,Rohit,32,Delhi,customer330@example.com
331,Kavya,35,Vijayawada,customer331@example.com
332,Kavya,22,Hyderabad,customer332@example.com
333,Kavya,37,Pune,customer333@example.com
334,Ananya,36,Mumbai,customer334@example.com
335,Rahul,47,Delhi,customer335@example.com
336,Sneha,43,Chennai,customer336@example.com
337,Rohit,52,Mumbai,customer337@example.com
338,Priya,23,Pune,customer338@example.com
339,Praneetha,45,Delhi,customer339@example.com
340,Hemanth,56,Chennai,customer340@example.com
341,Praneetha,23,Bangalore,customer341@example.com
342,Ananya,55,Hyderabad,customer342@example.com
343,Sneha,54,Hyderabad,customer343@example.com
344,Kavya,48,Pune,customer344@example.com
345,Priya,35,Bangalore,customer345@example.com
346,Ananya,45,Delhi,customer346@example.com
347,Priya,23,Mumbai,customer347@example.com
348,Hemanth,44,Chennai,customer348@example.com
349,Hemanth,60,Hyderabad,customer349@example.com
350,Kavya,39,Mumbai,customer350@example.com
351,Priya,36,Delhi,customer351@example.com
352,Likitha,53,Hyderabad,customer352@example.com
353,Priya,23,Chennai,customer353@example.com
354,Sneha,38,Hyderabad,customer354@example.com
355,Likitha,50,Vijayawada,customer355@example.com
356,Praneetha,60,Vijayawada,customer356@example.com
357,Rohit,47,Mumbai,customer357@example.com
358,Praneetha,30,Pune,customer358@example.com
359,Hemanth,57,Vijayawada,customer359@example.com
360,Priya,58,Mumbai,customer360@example.com
361,Praneetha,31,Chennai,customer361@example.com
362,Rohit,26,Chennai,customer362@example.com
363,Priya,49,Hyderabad,customer363@example.com
364,Praneetha,58,Pune,customer364@example.com
365,Arjun,28,Chennai,customer365@example.com
366,Rohit,18,Pune,customer366@example.com
367,Likitha,23,Bangalore,customer367@example.com
368,Rahul,47,Hyderabad,customer368@example.com
369,Kavya,49,Delhi,customer369@example.com
370,Sneha,50,Delhi,customer370@example.com
371,Sneha,44,Vijayawada,customer371@example.com
372,Priya,48,Bangalore,customer372@example.com
373,Priya,53,Bangalore,customer373@example.com
374,Likitha,30,Pune,customer374@example.com
375,Rohit,26,Vijayawada,customer375@example.com
376,Rahul,35,Vijayawada,customer376@example.com
377,Likitha,39,Vijayawada,customer377@example.com
378,Rohit,35,Vijayawada,customer378@example.com
379,Praneetha,36,Delhi,customer379@example.com
380,Sneha,55,Pune,customer380@example.com
381,Priya,27,Mumbai,customer381@example.com
382,Rohit,48,Chennai,customer382@example.com
383,Hemanth,53,Vijayawada,customer383@example.com
384,Rohit,42,Mumbai,customer384@example.com
385,Hemanth,30,Delhi,customer385@example.com
386,Arjun,54,Mumbai,customer386@example.com
387,Arjun,44,Hyderabad,customer387@example.com
388,Hemanth,48,Delhi,customer388@example.com
389,Likitha,42,Delhi,customer389@example.com
390,Kavya,49,Hyderabad,customer390@example.com
391,Kavya,50,Pune,customer391@example.com
392,Hemanth,24,Vijayawada,customer392@example.com
393,Priya,24,Pune,customer393@example.com
394,Priya,18,Delhi,customer394@example.com
395,Kavya,44,Vijayawada,customer395@example.com
396,Kavya,22,Mumbai,customer396@example.com
397,Sneha,39,Pune,customer397@example.com
398,Likitha,59,Hyderabad,customer398@example.com
399,Hemanth,52,Mumbai,customer399@example.com
400,Hemanth,58,Delhi,customer400@example.com
401,Priya,52,Hyderabad,customer401@example.com
402,Ananya,22,Bangalore,customer402@example.com
403,Sneha,32,Delhi,customer403@example.com
404,Rahul,45,Hyderabad,customer404@example.com
405,Rahul,46,Bangalore,customer405@example.com
406,Sneha,19,Hyderabad,customer406@example.com
407,Hemanth,21,Chennai,customer407@example.com
408,Hemanth,41,Mumbai,customer408@example.com
409,Kavya,33,Pune,customer409@example.com
410,Likitha,54,Delhi,customer410@example.com
411,Kavya,28,Bangalore,customer411@example.com
412,Rahul,57,Vijayawada,customer412@example.com
413,Likitha,57,Delhi,customer413@example.com
414,Arjun,49,Pune,customer414@example.com
415,Kavya,32,Mumbai,customer415@example.com
416,Sneha,47,Chennai,customer416@example.com
417,Praneetha,47,Chennai,customer417@example.com
418,Rohit,28,Hyderabad,customer418@example.com
419,Priya,40,Pune,customer419@example.com
420,Sneha,58,Mumbai,customer420@example.com
421,Sneha,47,Vijayawada,customer421@example.com
422,Sneha,30,Mumbai,customer422@example.com
423,Priya,24,Bangalore,customer423@example.com
424,Likitha,54,Chennai,customer424@example.com
425,Ananya,36,Delhi,customer425@example.com
426,Sneha,19,Vijayawada,customer426@example.com
427,Likitha,35,Hyderabad,customer427@example.com
428,Ananya,21,Pune,customer428@example.com
429,Priya,36,Vijayawada,customer429@example.com
430,Arjun,56,Vijayawada,customer430@example.com
431,Hemanth,32,Delhi,customer431@example.com
432,Arjun,57,Chennai,customer432@example.com
433,Kavya,58,Hyderabad,customer433@example.com
434,Praneetha,37,Vijayawada,customer434@example.com
435,Priya,20,Pune,customer435@example.com
436,Hemanth,26,Hyderabad,customer436@example.com
437,Sneha,38,Delhi,customer437@example.com
438,Likitha,29,Bangalore,customer438@example.com
439,Kavya,52,Chennai,customer439@example.com
440,Rohit,50,Chennai,customer440@example.com
441,Kavya,34,Vijayawada,customer441@example.com
442,Priya,36,Delhi,customer442@example.com
443,Hemanth,25,Mumbai,customer443@example.com
444,Rahul,27,Vijayawada,customer444@example.com
445,Arjun,43,Vijayawada,customer445@example.com
446,Rohit,41,Hyderabad,customer446@example.com
447,Likitha,18,Chennai,customer447@example.com
448,Rohit,25,Mumbai,customer448@example.com
449,Hemanth,34,Pune,customer449@example.com
450,Likitha,58,Chennai,customer450@example.com
451,Rahul,32,Mumbai,customer451@example.com
452,Praneetha,57,Pune,customer452@example.com
453,Hemanth,57,Bangalore,customer453@example.com
454,Rahul,58,Vijayawada,customer454@example.com
455,Priya,37,Delhi,customer455@example.com
456,Likitha,25,Bangalore,customer456@example.com
457,Praneetha,20,Chennai,customer457@example.com
458,Priya,25,Hyderabad,customer458@example.com
459,Arjun,52,Bangalore,customer459@example.com
460,Likitha,47,Chennai,customer460@example.com
461,Rohit,44,Pune,customer461@example.com
462,Kavya,44,Delhi,customer462@example.com
463,Rahul,49,Pune,customer463@example.com
464,Likitha,35,Hyderabad,customer464@example.com
465,Hemanth,31,Mumbai,customer465@example.com
466,Priya,33,Vijayawada,customer466@example.com
467,Hemanth,24,Delhi,customer467@example.com
468,Hemanth,52,Delhi,customer468@example.com
469,Hemanth,21,Mumbai,customer469@example.com
470,Sneha,30,Hyderabad,customer470@example.com
471,Priya,23,Delhi,customer471@example.com
472,Arjun,59,Delhi,customer472@example.com
473,Ananya,19,Hyderabad,customer473@example.com
474,Hemanth,33,Bangalore,customer474@example.com
475,Ananya,31,Hyderabad,customer475@example.com
476,Rohit,31,Pune,customer476@example.com
477,Arjun,32,Chennai,customer477@example.com
478,Kavya,56,Hyderabad,customer478@example.com
479,Sneha,27,Bangalore,customer479@example.com
480,Rohit,34,Vijayawada,customer480@example.com
481,Kavya,25,Delhi,customer481@example.com
482,Praneetha,26,Hyderabad,customer482@example.com
483,Hemanth,33,Pune,customer483@example.com
484,Hemanth,19,Bangalore,customer484@example.com
485,Sneha,21,Bangalore,customer485@example.com
486,Likitha,51,Hyderabad,customer486@example.com
487,Rahul,48,Mumbai,customer487@example.com
488,Hemanth,50,Pune,customer488@example.com
489,Rahul,46,Pune,customer489@example.com
490,Arjun,57,Hyderabad,customer490@example.com
491,Rohit,37,Mumbai,customer491@example.com
492,Praneetha,21,Mumbai,customer492@example.com
493,Likitha,45,Delhi,customer493@example.com
494,Rahul,49,Delhi,customer494@example.com
495,Priya,22,Hyderabad,customer495@example.com
496,Hemanth,56,Bangalore,customer496@example.com
497,Rahul,26,Chennai,customer497@example.com
498,Ananya,58,Pune,customer498@example.com
499,Rohit,38,Mumbai,customer499@example.com
500,Ananya,51,Chennai,customer500@example.com
501,Priya,50,Pune,customer501@example.com
502,Likitha,24,Vijayawada,customer502@example.com
503,Rahul,59,Delhi,customer503@example.com
504,Rohit,31,Mumbai,customer504@example.com
505,Priya,32,Mumbai,customer505@example.com
506,Hemanth,47,Mumbai,customer506@example.com
507,Likitha,24,Chennai,customer507@example.com
508,Likitha,38,Delhi,customer508@example.com
509,Sneha,41,Bangalore,customer509@example.com
510,Priya,22,Hyderabad,customer510@example.com
511,Rahul,23,Mumbai,customer511@example.com
512,Rahul,41,Vijayawada,customer512@example.com
513,Kavya,53,Hyderabad,customer513@example.com
514,Ananya,53,Pune,customer514@example.com
515,Hemanth,60,Hyderabad,customer515@example.com
516,Likitha,40,Vijayawada,customer516@example.com
517,Likitha,21,Chennai,customer517@example.com
518,Ananya,37,Chennai,customer518@example.com
519,Rahul,54,Pune,customer519@example.com
520,Arjun,27,Delhi,customer520@example.com
521,Priya,32,Vijayawada,customer521@example.com
522,Rahul,40,Vijayawada,customer522@example.com
523,Rohit,41,Hyderabad,customer523@example.com
524,Sneha,54,Bangalore,customer524@example.com
525,Likitha,53,Vijayawada,customer525@example.com
526,Ananya,57,Delhi,customer526@example.com
527,Rohit,19,Pune,customer527@example.com
528,Sneha,19,Bangalore,customer528@example.com
529,Sneha,37,Chennai,customer529@example.com
530,Hemanth,18,Bangalore,customer530@example.com
531,Kavya,54,Delhi,customer531@example.com
532,Likitha,22,Bangalore,customer532@example.com
533,Praneetha,23,Delhi,customer533@example.com
534,Rohit,31,Mumbai,customer534@example.com
535,Likitha,47,Chennai,customer535@example.com
536,Kavya,41,Chennai,customer536@example.com
537,Hemanth,54,Pune,customer537@example.com
538,Rahul,21,Bangalore,customer538@example.com
539,Kavya,57,Hyderabad,customer539@example.com
540,Rahul,35,Mumbai,customer540@example.com
541,Likitha,49,Pune,customer541@example.com
542,Priya,44,Chennai,customer542@example.com
543,Arjun,50,Hyderabad,customer543@example.com
544,Hemanth,45,Hyderabad,customer544@example.com
545,Sneha,55,Mumbai,customer545@example.com
546,Rohit,60,Chennai,customer546@example.com
547,Praneetha,32,Mumbai,customer547@example.com
548,Ananya,21,Hyderabad,customer548@example.com
549,Arjun,37,Bangalore,customer549@example.com
550,Kavya,34,Chennai,customer550@example.com
551,Hemanth,25,Hyderabad,customer551@example.com
552,Priya,45,Bangalore,customer552@example.com
553,Kavya,42,Pune,customer553@example.com
554,Arjun,50,Pune,customer554@example.com
555,Hemanth,22,Mumbai,customer555@example.com
556,Praneetha,45,Hyderabad,customer556@example.com
557,Priya,22,Vijayawada,customer557@example.com
558,Hemanth,54,Mumbai,customer558@example.com
559,Ananya,43,Delhi,customer559@example.com
560,Likitha,36,Hyderabad,customer560@example.com
561,Likitha,19,Chennai,customer561@example.com
562,Kavya,57,Mumbai,customer562@example.com
563,Hemanth,23,Mumbai,customer563@example.com
564,Rahul,33,Mumbai,customer564@example.com
565,Ananya,43,Pune,customer565@example.com
566,Rahul,43,Vijayawada,customer566@example.com
567,Sneha,39,Bangalore,customer567@example.com
568,Hemanth,28,Hyderabad,customer568@example.com
569,Rohit,58,Hyderabad,customer569@example.com
570,Rohit,50,Bangalore,customer570@example.com
571,Hemanth,40,Delhi,customer571@example.com
572,Kavya,33,Hyderabad,customer572@example.com
573,Kavya,34,Bangalore,customer573@example.com
574,Kavya,56,Bangalore,customer574@example.com
575,Rahul,29,Vijayawada,customer575@example.com
576,Priya,47,Vijayawada,customer576@example.com
577,Ananya,55,Mumbai,customer577@example.com
578,Ananya,59,Delhi,customer578@example.com
579,Ananya,38,Vijayawada,customer579@example.com
580,Hemanth,27,Mumbai,customer580@example.com
581,Rahul,48,Mumbai,customer581@example.com
582,Sneha,35,Pune,customer582@example.com
583,Praneetha,40,Pune,customer583@example.com
584,Rahul,37,Mumbai,customer584@example.com
585,Priya,20,Hyderabad,customer585@example.com
586,Hemanth,36,Hyderabad,customer586@example.com
587,Rahul,57,Pune,customer587@example.com
588,Rohit,42,Mumbai,customer588@example.com
589,Ananya,53,Vijayawada,customer589@example.com
590,Praneetha,46,Vijayawada,customer590@example.com
591,Ananya,59,Bangalore,customer591@example.com
592,Hemanth,56,Mumbai,customer592@example.com
593,Rohit,27,Hyderabad,customer593@example.com
594,Priya,24,Vijayawada,customer594@example.com
595,Hemanth,23,Pune,customer595@example.com
596,Kavya,20,Bangalore,customer596@example.com
597,Priya,46,Pune,customer597@example.com
598,Rohit,57,Bangalore,customer598@example.com
599,Hemanth,41,Chennai,customer599@example.com
600,Likitha,44,Vijayawada,customer600@example.com
601,Hemanth,56,Hyderabad,customer601@example.com
602,Hemanth,22,Chennai,customer602@example.com
603,Rahul,53,Delhi,customer603@example.com
604,Likitha,36,Chennai,customer604@example.com
605,Ananya,27,Chennai,customer605@example.com
606,Rahul,55,Delhi,customer606@example.com
607,Kavya,40,Chennai,customer607@example.com
608,Likitha,26,Pune,customer608@example.com
609,Rahul,37,Pune,customer609@example.com
610,Likitha,59,Vijayawada,customer610@example.com
611,Hemanth,26,Delhi,customer611@example.com
612,Rohit,23,Delhi,customer612@example.com
613,Likitha,50,Chennai,customer613@example.com
614,Praneetha,41,Chennai,customer614@example.com
615,Kavya,31,Chennai,customer615@example.com
616,Priya,30,Bangalore,customer616@example.com
617,Kavya,27,Hyderabad,customer617@example.com
618,Sneha,24,Pune,customer618@example.com
619,Rohit,51,Hyderabad,customer619@example.com
620,Hemanth,57,Bangalore,customer620@example.com
621,Ananya,42,Bangalore,customer621@example.com
622,Kavya,29,Vijayawada,customer622@example.com
623,Ananya,28,Delhi,customer623@example.com
624,Priya,20,Mumbai,customer624@example.com
625,Hemanth,33,Mumbai,customer625@example.com
626,Ananya,36,Vijayawada,customer626@example.com
627,Priya,32,Pune,customer627@example.com
628,Arjun,37,Vijayawada,customer628@example.com
629,Priya,30,Chennai,customer629@example.com
630,Ananya,46,Mumbai,customer630@example.com
631,Sneha,42,Pune,customer631@example.com
632,Rohit,44,Bangalore,customer632@example.com
633,Arjun,56,Bangalore,customer633@example.com
634,Sneha,21,Delhi,customer634@example.com
635,Priya,41,Pune,customer635@example.com
636,Rahul,51,Vijayawada,customer636@example.com
637,Rahul,36,Hyderabad,customer637@example.com
638,Kavya,35,Mumbai,customer638@example.com
639,Rohit,27,Vijayawada,customer639@example.com
640,Likitha,23,Bangalore,customer640@example.com
641,Priya,40,Hyderabad,customer641@example.com
642,Likitha,21,Mumbai,customer642@example.com
643,Rohit,41,Bangalore,customer643@example.com
644,Likitha,23,Chennai,customer644@example.com
645,Arjun,19,Chennai,customer645@example.com
646,Rahul,59,Chennai,customer646@example.com
647,Kavya,26,Hyderabad,customer647@example.com
648,Sneha,48,Delhi,customer648@example.com
649,Kavya,48,Mumbai,customer649@example.com
650,Ananya,18,Hyderabad,customer650@example.com
651,Praneetha,34,Bangalore,customer651@example.com
652,Kavya,53,Delhi,customer652@example.com
653,Ananya,51,Mumbai,customer653@example.com
654,Rahul,36,Bangalore,customer654@example.com
655,Sneha,25,Hyderabad,customer655@example.com
656,Arjun,44,Delhi,customer656@example.com
657,Ananya,47,Hyderabad,customer657@example.com
658,Rahul,49,Pune,customer658@example.com
659,Rohit,19,Delhi,customer659@example.com
660,Rohit,54,Bangalore,customer660@example.com
661,Kavya,36,Mumbai,customer661@example.com
662,Praneetha,57,Chennai,customer662@example.com
663,Arjun,54,Mumbai,customer663@example.com
664,Kavya,60,Delhi,customer664@example.com
665,Rahul,51,Chennai,customer665@example.com
666,Rahul,51,Pune,customer666@example.com
667,Rohit,50,Pune,customer667@example.com
668,Praneetha,42,Vijayawada,customer668@example.com
669,Priya,20,Delhi,customer669@example.com
670,Likitha,41,Chennai,customer670@example.com
671,Praneetha,40,Vijayawada,customer671@example.com
672,Rahul,40,Bangalore,customer672@example.com
673,Rahul,55,Delhi,customer673@example.com
674,Hemanth,26,Hyderabad,customer674@example.com
675,Hemanth,52,Chennai,customer675@example.com
676,Kavya,47,Delhi,customer676@example.com
677,Priya,58,Bangalore,customer677@example.com
678,Kavya,22,Delhi,customer678@example.com
679,Priya,20,Chennai,customer679@example.com
680,Arjun,20,Vijayawada,customer680@example.com
681,Arjun,20,Chennai,customer681@example.com
682,Sneha,50,Mumbai,customer682@example.com
683,Rohit,48,Chennai,customer683@example.com
684,Praneetha,59,Bangalore,customer684@example.com
685,Sneha,40,Vijayawada,customer685@example.com
686,Praneetha,59,Chennai,customer686@example.com
687,Sneha,25,Vijayawada,customer687@example.com
688,Hemanth,45,Mumbai,customer688@example.com
689,Priya,42,Chennai,customer689@example.com
690,Kavya,49,Delhi,customer690@example.com
691,Priya,41,Vijayawada,customer691@example.com
692,Rohit,35,Vijayawada,customer692@example.com
693,Rahul,45,Hyderabad,customer693@example.com
694,Likitha,56,Vijayawada,customer694@example.com
695,Kavya,52,Chennai,customer695@example.com
696,Hemanth,24,Hyderabad,customer696@example.com
697,Hemanth,60,Chennai,customer697@example.com
698,Sneha,46,Pune,customer698@example.com
699,Likitha,28,Delhi,customer699@example.com
700,Priya,40,Mumbai,customer700@example.com
701,Praneetha,40,Pune,customer701@example.com
702,Likitha,35,Delhi,customer702@example.com
703,Praneetha,22,Delhi,customer703@example.com
704,Likitha,41,Pune,customer704@example.com
705,Kavya,19,Bangalore,customer705@example.com
706,Ananya,46,Hyderabad,customer706@example.com
707,Kavya,22,Bangalore,customer707@example.com
708,Hemanth,41,Mumbai,customer708@example.com
709,Ananya,20,Pune,customer709@example.com
710,Kavya,46,Chennai,customer710@example.com
711,Hemanth,46,Vijayawada,customer711@example.com
712,Rahul,54,Bangalore,customer712@example.com
713,Rohit,41,Mumbai,customer713@example.com
714,Hemanth,59,Chennai,customer714@example.com
715,Arjun,25,Hyderabad,customer715@example.com
716,Kavya,49,Pune,customer716@example.com
717,Likitha,53,Hyderabad,customer717@example.com
718,Sneha,34,Delhi,customer718@example.com
719,Priya,31,Pune,customer719@example.com
720,Sneha,49,Bangalore,customer720@example.com
721,Rahul,26,Vijayawada,customer721@example.com
722,Rahul,46,Bangalore,customer722@example.com
723,Priya,23,Vijayawada,customer723@example.com
724,Hemanth,60,Chennai,customer724@example.com
725,Rahul,53,Pune,customer725@example.com
726,Sneha,37,Vijayawada,customer726@example.com
727,Kavya,58,Bangalore,customer727@example.com
728,Hemanth,50,Bangalore,customer728@example.com
729,Rahul,30,Vijayawada,customer729@example.com
730,Kavya,33,Vijayawada,customer730@example.com
731,Priya,19,Chennai,customer731@example.com
732,Rohit,54,Chennai,customer732@example.com
733,Priya,53,Bangalore,customer733@example.com
734,Ananya,23,Hyderabad,customer734@example.com
735,Sneha,43,Delhi,customer735@example.com
736,Priya,51,Mumbai,customer736@example.com
737,Likitha,54,Hyderabad,customer737@example.com
738,Kavya,38,Delhi,customer738@example.com
739,Rahul,46,Mumbai,customer739@example.com
740,Rohit,40,Bangalore,customer740@example.com
741,Rohit,58,Pune,customer741@example.com
742,Kavya,26,Mumbai,customer742@example.com
743,Rohit,21,Vijayawada,customer743@example.com
744,Rahul,51,Bangalore,customer744@example.com
745,Sneha,28,Bangalore,customer745@example.com
746,Hemanth,32,Chennai,customer746@example.com
747,Rohit,36,Vijayawada,customer747@example.com
748,Rahul,34,Bangalore,customer748@example.com
749,Rohit,35,Bangalore,customer749@example.com
750,Sneha,57,Pune,customer750@example.com
751,Rahul,50,Delhi,customer751@example.com
752,Kavya,55,Pune,customer752@example.com
753,Kavya,28,Delhi,customer753@example.com
754,Ananya,56,Chennai,customer754@example.com
755,Ananya,20,Vijayawada,customer755@example.com
756,Praneetha,23,Hyderabad,customer756@example.com
757,Ananya,34,Delhi,customer757@example.com
758,Arjun,54,Mumbai,customer758@example.com
759,Ananya,58,Hyderabad,customer759@example.com
760,Priya,58,Pune,customer760@example.com
761,Sneha,59,Chennai,customer761@example.com
762,Priya,33,Vijayawada,customer762@example.com
763,Likitha,37,Mumbai,customer763@example.com
764,Rahul,21,Bangalore,customer764@example.com
765,Priya,44,Mumbai,customer765@example.com
766,Priya,31,Chennai,customer766@example.com
767,Ananya,27,Chennai,customer767@example.com
768,Hemanth,40,Mumbai,customer768@example.com
769,Kavya,41,Pune,customer769@example.com
770,Rohit,24,Chennai,customer770@example.com
771,Arjun,47,Hyderabad,customer771@example.com
772,Sneha,46,Bangalore,customer772@example.com
773,Kavya,24,Hyderabad,customer773@example.com
774,Sneha,42,Vijayawada,customer774@example.com
775,Ananya,44,Bangalore,customer775@example.com
776,Kavya,38,Pune,customer776@example.com
777,Hemanth,30,Vijayawada,customer777@example.com
778,Kavya,49,Pune,customer778@example.com
779,Priya,49,Chennai,customer779@example.com
780,Priya,19,Hyderabad,customer780@example.com
781,Likitha,50,Mumbai,customer781@example.com
782,Arjun,31,Pune,customer782@example.com
783,Hemanth,21,Hyderabad,customer783@example.com
784,Sneha,49,Pune,customer784@example.com
785,Priya,36,Pune,customer785@example.com
786,Praneetha,24,Mumbai,customer786@example.com
787,Kavya,34,Delhi,customer787@example.com
788,Hemanth,43,Chennai,customer788@example.com
789,Praneetha,43,Hyderabad,customer789@example.com
790,Ananya,53,Bangalore,customer790@example.com
791,Hemanth,53,Chennai,customer791@example.com
792,Rahul,42,Pune,customer792@example.com
793,Priya,53,Chennai,customer793@example.com
794,Ananya,57,Hyderabad,customer794@example.com
795,Kavya,24,Mumbai,customer795@example.com
796,Hemanth,39,Pune,customer796@example.com
797,Hemanth,27,Bangalore,customer797@example.com
798,Ananya,50,Mumbai,customer798@example.com
799,Rohit,20,Hyderabad,customer799@example.com
800,Praneetha,26,Delhi,customer800@example.com
801,Hemanth,48,Pune,customer801@example.com
802,Priya,27,Pune,customer802@example.com
803,Rohit,26,Chennai,customer803@example.com
804,Ananya,38,Bangalore,customer804@example.com
805,Likitha,57,Delhi,customer805@example.com
806,Sneha,55,Chennai,customer806@example.com
807,Rohit,50,Pune,customer807@example.com
808,Priya,54,Chennai,customer808@example.com
809,Priya,19,Chennai,customer809@example.com
810,Hemanth,25,Mumbai,customer810@example.com
811,Ananya,37,Vijayawada,customer811@example.com
812,Praneetha,56,Mumbai,customer812@example.com
813,Sneha,59,Vijayawada,customer813@example.com
814,Ananya,54,Bangalore,customer814@example.com
815,Praneetha,55,Mumbai,customer815@example.com
816,Kavya,51,Delhi,customer816@example.com
817,Ananya,42,Bangalore,customer817@example.com
818,Arjun,20,Pune,customer818@example.com
819,Rahul,30,Hyderabad,customer819@example.com
820,Priya,38,Mumbai,customer820@example.com
821,Kavya,44,Delhi,customer821@example.com
822,Arjun,44,Pune,customer822@example.com
823,Ananya,48,Vijayawada,customer823@example.com
824,Praneetha,26,Pune,customer824@example.com
825,Arjun,53,Chennai,customer825@example.com
826,Priya,51,Mumbai,customer826@example.com
827,Hemanth,29,Mumbai,customer827@example.com
828,Rohit,39,Pune,customer828@example.com
829,Hemanth,59,Vijayawada,customer829@example.com
830,Sneha,57,Mumbai,customer830@example.com
831,Arjun,33,Chennai,customer831@example.com
832,Rohit,37,Bangalore,customer832@example.com
833,Sneha,36,Delhi,customer833@example.com
834,Arjun,49,Chennai,customer834@example.com
835,Priya,40,Pune,customer835@example.com
836,Sneha,36,Hyderabad,customer836@example.com
837,Ananya,52,Mumbai,customer837@example.com
838,Likitha,40,Vijayawada,customer838@example.com
839,Kavya,36,Hyderabad,customer839@example.com
840,Sneha,23,Chennai,customer840@example.com
841,Priya,59,Chennai,customer841@example.com
842,Priya,31,Bangalore,customer842@example.com
843,Rohit,35,Pune,customer843@example.com
844,Sneha,26,Hyderabad,customer844@example.com
845,Ananya,55,Bangalore,customer845@example.com
846,Arjun,21,Delhi,customer846@example.com
847,Rohit,32,Delhi,customer847@example.com
848,Arjun,21,Hyderabad,customer848@example.com
849,Likitha,39,Delhi,customer849@example.com
850,Priya,24,Delhi,customer850@example.com
851,Kavya,18,Pune,customer851@example.com
852,Kavya,44,Delhi,customer852@example.com
853,Priya,48,Delhi,customer853@example.com
854,Arjun,36,Chennai,customer854@example.com
855,Sneha,59,Hyderabad,customer855@example.com
856,Rahul,59,Pune,customer856@example.com
857,Arjun,52,Delhi,customer857@example.com
858,Praneetha,29,Mumbai,customer858@example.com
859,Kavya,20,Vijayawada,customer859@example.com
860,Likitha,49,Bangalore,customer860@example.com
861,Sneha,20,Hyderabad,customer861@example.com
862,Sneha,54,Pune,customer862@example.com
863,Rahul,39,Chennai,customer863@example.com
864,Priya,59,Pune,customer864@example.com
865,Rohit,49,Bangalore,customer865@example.com
866,Rohit,47,Chennai,customer866@example.com
867,Arjun,25,Chennai,customer867@example.com
868,Kavya,47,Delhi,customer868@example.com
869,Sneha,29,Hyderabad,customer869@example.com
870,Hemanth,36,Pune,customer870@example.com
871,Arjun,29,Pune,customer871@example.com
872,Likitha,45,Pune,customer872@example.com
873,Hemanth,23,Mumbai,customer873@example.com
874,Rahul,29,Bangalore,customer874@example.com
875,Priya,38,Bangalore,customer875@example.com
876,Praneetha,34,Mumbai,customer876@example.com
877,Arjun,46,Vijayawada,customer877@example.com
878,Sneha,39,Chennai,customer878@example.com
879,Ananya,54,Hyderabad,customer879@example.com
880,Sneha,59,Chennai,customer880@example.com
881,Arjun,21,Delhi,customer881@example.com
882,Rahul,47,Chennai,customer882@example.com
883,Kavya,43,Delhi,customer883@example.com
884,Rohit,37,Delhi,customer884@example.com
885,Rahul,58,Chennai,customer885@example.com
886,Hemanth,57,Bangalore,customer886@example.com
887,Arjun,26,Mumbai,customer887@example.com
888,Kavya,47,Delhi,customer888@example.com
889,Ananya,41,Mumbai,customer889@example.com
890,Rohit,48,Vijayawada,customer890@example.com
891,Rohit,60,Vijayawada,customer891@example.com
892,Arjun,33,Delhi,customer892@example.com
893,Ananya,23,Pune,customer893@example.com
894,Priya,51,Delhi,customer894@example.com
895,Hemanth,22,Pune,customer895@example.com
896,Rahul,21,Vijayawada,customer896@example.com
897,Rohit,50,Bangalore,customer897@example.com
898,Ananya,52,Bangalore,customer898@example.com
899,Kavya,38,Vijayawada,customer899@example.com
900,Rohit,46,Hyderabad,customer900@example.com
901,Arjun,55,Mumbai,customer901@example.com
902,Rahul,50,Mumbai,customer902@example.com
903,Praneetha,47,Bangalore,customer903@example.com
904,Rohit,44,Mumbai,customer904@example.com
905,Ananya,21,Pune,customer905@example.com
906,Priya,37,Delhi,customer906@example.com
907,Praneetha,43,Chennai,customer907@example.com
908,Praneetha,31,Pune,customer908@example.com
909,Rahul,20,Mumbai,customer909@example.com
910,Hemanth,22,Pune,customer910@example.com
911,Praneetha,22,Mumbai,customer911@example.com
912,Praneetha,36,Mumbai,customer912@example.com
913,Kavya,26,Vijayawada,customer913@example.com
914,Likitha,41,Mumbai,customer914@example.com
915,Priya,42,Mumbai,customer915@example.com
916,Rahul,60,Vijayawada,customer916@example.com
917,Rohit,26,Delhi,customer917@example.com
918,Hemanth,25,Bangalore,customer918@example.com
919,Rohit,43,Pune,customer919@example.com
920,Kavya,32,Vijayawada,customer920@example.com
921,Praneetha,19,Chennai,customer921@example.com
922,Priya,52,Mumbai,customer922@example.com
923,Rohit,42,Vijayawada,customer923@example.com
924,Arjun,33,Mumbai,customer924@example.com
925,Hemanth,27,Chennai,customer925@example.com
926,Arjun,25,Hyderabad,customer926@example.com
927,Likitha,57,Vijayawada,customer927@example.com
928,Praneetha,33,Bangalore,customer928@example.com
929,Rahul,24,Pune,customer929@example.com
930,Praneetha,46,Pune,customer930@example.com
931,Praneetha,33,Delhi,customer931@example.com
932,Praneetha,43,Mumbai,customer932@example.com
933,Arjun,52,Bangalore,customer933@example.com
934,Praneetha,26,Pune,customer934@example.com
935,Sneha,32,Vijayawada,customer935@example.com
936,Ananya,38,Pune,customer936@example.com
937,Ananya,38,Bangalore,customer937@example.com
938,Sneha,27,Delhi,customer938@example.com
939,Rohit,32,Mumbai,customer939@example.com
940,Sneha,35,Hyderabad,customer940@example.com
941,Rohit,55,Delhi,customer941@example.com
942,Kavya,58,Delhi,customer942@example.com
943,Likitha,53,Mumbai,customer943@example.com
944,Praneetha,40,Delhi,customer944@example.com
945,Likitha,51,Chennai,customer945@example.com
946,Likitha,44,Bangalore,customer946@example.com
947,Sneha,42,Bangalore,customer947@example.com
948,Rohit,48,Bangalore,customer948@example.com
949,Arjun,37,Vijayawada,customer949@example.com
950,Kavya,47,Hyderabad,customer950@example.com
951,Rohit,44,Mumbai,customer951@example.com
952,Rohit,51,Bangalore,customer952@example.com
953,Likitha,33,Chennai,customer953@example.com
954,Arjun,39,Delhi,customer954@example.com
955,Rahul,46,Vijayawada,customer955@example.com
956,Hemanth,23,Pune,customer956@example.com
957,Arjun,21,Chennai,customer957@example.com
958,Likitha,56,Pune,customer958@example.com
959,Praneetha,22,Bangalore,customer959@example.com
960,Ananya,60,Pune,customer960@example.com
961,Arjun,48,Bangalore,customer961@example.com
962,Hemanth,37,Hyderabad,customer962@example.com
963,Arjun,30,Delhi,customer963@example.com
964,Rahul,48,Bangalore,customer964@example.com
965,Ananya,31,Mumbai,customer965@example.com
966,Arjun,53,Chennai,customer966@example.com
967,Sneha,42,Mumbai,customer967@example.com
968,Rohit,59,Chennai,customer968@example.com
969,Sneha,34,Chennai,customer969@example.com
970,Rohit,49,Mumbai,customer970@example.com
971,Rahul,48,Vijayawada,customer971@example.com
972,Hemanth,31,Chennai,customer972@example.com
973,Hemanth,44,Hyderabad,customer973@example.com
974,Ananya,32,Delhi,customer974@example.com
975,Kavya,19,Chennai,customer975@example.com
976,Rohit,55,Pune,customer976@example.com
977,Likitha,36,Bangalore,customer977@example.com
978,Arjun,39,Bangalore,customer978@example.com
979,Likitha,54,Vijayawada,customer979@example.com
980,Arjun,49,Pune,customer980@example.com
981,Hemanth,34,Vijayawada,customer981@example.com
982,Priya,59,Delhi,customer982@example.com
983,Priya,47,Bangalore,customer983@example.com
984,Hemanth,28,Bangalore,customer984@example.com
985,Rohit,49,Bangalore,customer985@example.com
986,Rohit,59,Hyderabad,customer986@example.com
987,Rohit,20,Vijayawada,customer987@example.com
988,Rahul,60,Hyderabad,customer988@example.com
989,Praneetha,44,Bangalore,customer989@example.com
990,Arjun,22,Delhi,customer990@example.com
991,Kavya,18,Bangalore,customer991@example.com
992,Rohit,47,Chennai,customer992@example.com
993,Praneetha,57,Delhi,customer993@example.com
994,Ananya,48,Delhi,customer994@example.com
995,Priya,19,Hyderabad,customer995@example.com
996,Rohit,53,Mumbai,customer996@example.com
997,Praneetha,19,Pune,customer997@example.com
998,Sneha,52,Chennai,customer998@example.com
999,Praneetha,50,Vijayawada,customer999@example.com
999,Praneetha,50,Vijayawada,customer999@example.com
